{
  "name": "FX1 Digital Hubs | Onchain Innovation on Base",
  "description": "The creative Web3 ecosystem built on Base, empowering builders and creators through AI fashion NFTs, personalized digital wardrobes, and $FDH rewards. Shaping the next era of digital identity and community.",
  "icon": "https://v0-fx-1-digital-hubs.vercel.app/images/fx1_icon_512.png",
  "external_url": "https://v0-fx-1-digital-hubs.vercel.app/",
  "version": "1.1.0",
  "app_url_path": "/",
  "deep_link_paths": ["/profile/:fid", "/wardrobe/:address"],
  "supported_features": {
    "frames": true,
    "login": true,
    "deeplinks": true
  }
}
